xiaopang0,123456
xiaopang1,123456
xiaopang2,123456
xiaopang3,123456
xiaopang4,123456
xiaopang5,123456
xiaopang6,123456
xiaopang7,123456
xiaopang8,123456
xiaopang9,123456
xiaopang10,123456
xiaopang11,123456
xiaopang12,123456
xiaopang13,123456
xiaopang14,123456
xiaopang15,123456
xiaopang16,123456
xiaopang17,123456
xiaopang18,123456
xiaopang19,123456
xiaopang20,123456
xiaopang21,123456
xiaopang22,123456
xiaopang23,123456
xiaopang24,123456
xiaopang25,123456
xiaopang26,123456
xiaopang27,123456
xiaopang28,123456
xiaopang29,123456
xiaopang30,123456
xiaopang31,123456
xiaopang32,123456
xiaopang33,123456
xiaopang34,123456
xiaopang35,123456
xiaopang36,123456
xiaopang37,123456
xiaopang38,123456
xiaopang39,123456
xiaopang40,123456
xiaopang41,123456
xiaopang42,123456
xiaopang43,123456
xiaopang44,123456
xiaopang45,123456
xiaopang46,123456
xiaopang47,123456
xiaopang48,123456
xiaopang49,123456
xiaopang50,123456
xiaopang51,123456
xiaopang52,123456
xiaopang53,123456
xiaopang54,123456
xiaopang55,123456
xiaopang56,123456
xiaopang57,123456
xiaopang58,123456
xiaopang59,123456
xiaopang60,123456
xiaopang61,123456
xiaopang62,123456
xiaopang63,123456
xiaopang64,123456
xiaopang65,123456
xiaopang66,123456
xiaopang67,123456
xiaopang68,123456
xiaopang69,123456
xiaopang70,123456
xiaopang71,123456
xiaopang72,123456
xiaopang73,123456
xiaopang74,123456
xiaopang75,123456
xiaopang76,123456
xiaopang77,123456
xiaopang78,123456
xiaopang79,123456
xiaopang80,123456
xiaopang81,123456
xiaopang82,123456
xiaopang83,123456
xiaopang84,123456
xiaopang85,123456
xiaopang86,123456
xiaopang87,123456
xiaopang88,123456
xiaopang89,123456
xiaopang90,123456
xiaopang91,123456
xiaopang92,123456
xiaopang93,123456
xiaopang94,123456
xiaopang95,123456
xiaopang96,123456
xiaopang97,123456
xiaopang98,123456
xiaopang99,123456
xiaopang100,123456
xiaopang101,123456
xiaopang102,123456
xiaopang103,123456
xiaopang104,123456
xiaopang105,123456
xiaopang106,123456
xiaopang107,123456
xiaopang108,123456
xiaopang109,123456
xiaopang110,123456
xiaopang111,123456
xiaopang112,123456
xiaopang113,123456
xiaopang114,123456
xiaopang115,123456
xiaopang116,123456
xiaopang117,123456
xiaopang118,123456
xiaopang119,123456
xiaopang120,123456
xiaopang121,123456
xiaopang122,123456
xiaopang123,123456
xiaopang124,123456
xiaopang125,123456
xiaopang126,123456
xiaopang127,123456
xiaopang128,123456
xiaopang129,123456
xiaopang130,123456
xiaopang131,123456
xiaopang132,123456
xiaopang133,123456
xiaopang134,123456
xiaopang135,123456
xiaopang136,123456
xiaopang137,123456
xiaopang138,123456
xiaopang139,123456
xiaopang140,123456
xiaopang141,123456
xiaopang142,123456
xiaopang143,123456
xiaopang144,123456
xiaopang145,123456
xiaopang146,123456
xiaopang147,123456
xiaopang148,123456
xiaopang149,123456
xiaopang150,123456
xiaopang151,123456
xiaopang152,123456
xiaopang153,123456
xiaopang154,123456
xiaopang155,123456
xiaopang156,123456
xiaopang157,123456
xiaopang158,123456
xiaopang159,123456
xiaopang160,123456
xiaopang161,123456
xiaopang162,123456
xiaopang163,123456
xiaopang164,123456
xiaopang165,123456
xiaopang166,123456
xiaopang167,123456
xiaopang168,123456
xiaopang169,123456
xiaopang170,123456
xiaopang171,123456
xiaopang172,123456
xiaopang173,123456
xiaopang174,123456
xiaopang175,123456
xiaopang176,123456
xiaopang177,123456
xiaopang178,123456
xiaopang179,123456
xiaopang180,123456
xiaopang181,123456
xiaopang182,123456
xiaopang183,123456
xiaopang184,123456
xiaopang185,123456
xiaopang186,123456
xiaopang187,123456
xiaopang188,123456
xiaopang189,123456
xiaopang190,123456
xiaopang191,123456
xiaopang192,123456
xiaopang193,123456
xiaopang194,123456
xiaopang195,123456
xiaopang196,123456
xiaopang197,123456
xiaopang198,123456
xiaopang199,123456
xiaopang200,123456
xiaopang201,123456
xiaopang202,123456
xiaopang203,123456
xiaopang204,123456
xiaopang205,123456
xiaopang206,123456
xiaopang207,123456
xiaopang208,123456
xiaopang209,123456
xiaopang210,123456
xiaopang211,123456
xiaopang212,123456
xiaopang213,123456
xiaopang214,123456
xiaopang215,123456
xiaopang216,123456
xiaopang217,123456
xiaopang218,123456
xiaopang219,123456
xiaopang220,123456
xiaopang221,123456
xiaopang222,123456
xiaopang223,123456
xiaopang224,123456
xiaopang225,123456
xiaopang226,123456
xiaopang227,123456
xiaopang228,123456
xiaopang229,123456
xiaopang230,123456
xiaopang231,123456
xiaopang232,123456
xiaopang233,123456
xiaopang234,123456
xiaopang235,123456
xiaopang236,123456
xiaopang237,123456
xiaopang238,123456
xiaopang239,123456
xiaopang240,123456
xiaopang241,123456
xiaopang242,123456
xiaopang243,123456
xiaopang244,123456
xiaopang245,123456
xiaopang246,123456
xiaopang247,123456
xiaopang248,123456
xiaopang249,123456
xiaopang250,123456
xiaopang251,123456
xiaopang252,123456
xiaopang253,123456
xiaopang254,123456
xiaopang255,123456
xiaopang256,123456
xiaopang257,123456
xiaopang258,123456
xiaopang259,123456
xiaopang260,123456
xiaopang261,123456
xiaopang262,123456
xiaopang263,123456
xiaopang264,123456
xiaopang265,123456
xiaopang266,123456
xiaopang267,123456
xiaopang268,123456
xiaopang269,123456
xiaopang270,123456
xiaopang271,123456
xiaopang272,123456
xiaopang273,123456
xiaopang274,123456
xiaopang275,123456
xiaopang276,123456
xiaopang277,123456
xiaopang278,123456
xiaopang279,123456
xiaopang280,123456
xiaopang281,123456
xiaopang282,123456
xiaopang283,123456
xiaopang284,123456
xiaopang285,123456
xiaopang286,123456
xiaopang287,123456
xiaopang288,123456
xiaopang289,123456
xiaopang290,123456
xiaopang291,123456
xiaopang292,123456
xiaopang293,123456
xiaopang294,123456
xiaopang295,123456
xiaopang296,123456
xiaopang297,123456
xiaopang298,123456
xiaopang299,123456
xiaopang300,123456
xiaopang301,123456
xiaopang302,123456
xiaopang303,123456
xiaopang304,123456
xiaopang305,123456
xiaopang306,123456
xiaopang307,123456
xiaopang308,123456
xiaopang309,123456
xiaopang310,123456
xiaopang311,123456
xiaopang312,123456
xiaopang313,123456
xiaopang314,123456
xiaopang315,123456
xiaopang316,123456
xiaopang317,123456
xiaopang318,123456
xiaopang319,123456
xiaopang320,123456
xiaopang321,123456
xiaopang322,123456
xiaopang323,123456
xiaopang324,123456
xiaopang325,123456
xiaopang326,123456
xiaopang327,123456
xiaopang328,123456
xiaopang329,123456
xiaopang330,123456
xiaopang331,123456
xiaopang332,123456
xiaopang333,123456
xiaopang334,123456
xiaopang335,123456
xiaopang336,123456
xiaopang337,123456
xiaopang338,123456
xiaopang339,123456
xiaopang340,123456
xiaopang341,123456
xiaopang342,123456
xiaopang343,123456
xiaopang344,123456
xiaopang345,123456
xiaopang346,123456
xiaopang347,123456
xiaopang348,123456
xiaopang349,123456
xiaopang350,123456
xiaopang351,123456
xiaopang352,123456
xiaopang353,123456
xiaopang354,123456
xiaopang355,123456
xiaopang356,123456
xiaopang357,123456
xiaopang358,123456
xiaopang359,123456
xiaopang360,123456
xiaopang361,123456
xiaopang362,123456
xiaopang363,123456
xiaopang364,123456
xiaopang365,123456
xiaopang366,123456
xiaopang367,123456
xiaopang368,123456
xiaopang369,123456
xiaopang370,123456
xiaopang371,123456
xiaopang372,123456
xiaopang373,123456
xiaopang374,123456
xiaopang375,123456
xiaopang376,123456
xiaopang377,123456
xiaopang378,123456
xiaopang379,123456
xiaopang380,123456
xiaopang381,123456
xiaopang382,123456
xiaopang383,123456
xiaopang384,123456
xiaopang385,123456
xiaopang386,123456
xiaopang387,123456
xiaopang388,123456
xiaopang389,123456
xiaopang390,123456
xiaopang391,123456
xiaopang392,123456
xiaopang393,123456
xiaopang394,123456
xiaopang395,123456
xiaopang396,123456
xiaopang397,123456
xiaopang398,123456
xiaopang399,123456
xiaopang400,123456
xiaopang401,123456
xiaopang402,123456
xiaopang403,123456
xiaopang404,123456
xiaopang405,123456
xiaopang406,123456
xiaopang407,123456
xiaopang408,123456
xiaopang409,123456
xiaopang410,123456
xiaopang411,123456
xiaopang412,123456
xiaopang413,123456
xiaopang414,123456
xiaopang415,123456
xiaopang416,123456
xiaopang417,123456
xiaopang418,123456
xiaopang419,123456
xiaopang420,123456
xiaopang421,123456
xiaopang422,123456
xiaopang423,123456
xiaopang424,123456
xiaopang425,123456
xiaopang426,123456
xiaopang427,123456
xiaopang428,123456
xiaopang429,123456
xiaopang430,123456
xiaopang431,123456
xiaopang432,123456
xiaopang433,123456
xiaopang434,123456
xiaopang435,123456
xiaopang436,123456
xiaopang437,123456
xiaopang438,123456
xiaopang439,123456
xiaopang440,123456
xiaopang441,123456
xiaopang442,123456
xiaopang443,123456
xiaopang444,123456
xiaopang445,123456
xiaopang446,123456
xiaopang447,123456
xiaopang448,123456
xiaopang449,123456
xiaopang450,123456
xiaopang451,123456
xiaopang452,123456
xiaopang453,123456
xiaopang454,123456
xiaopang455,123456
xiaopang456,123456
xiaopang457,123456
xiaopang458,123456
xiaopang459,123456
xiaopang460,123456
xiaopang461,123456
xiaopang462,123456
xiaopang463,123456
xiaopang464,123456
xiaopang465,123456
xiaopang466,123456
xiaopang467,123456
xiaopang468,123456
xiaopang469,123456
xiaopang470,123456
xiaopang471,123456
xiaopang472,123456
xiaopang473,123456
xiaopang474,123456
xiaopang475,123456
xiaopang476,123456
xiaopang477,123456
xiaopang478,123456
xiaopang479,123456
xiaopang480,123456
xiaopang481,123456
xiaopang482,123456
xiaopang483,123456
xiaopang484,123456
xiaopang485,123456
xiaopang486,123456
xiaopang487,123456
xiaopang488,123456
xiaopang489,123456
xiaopang490,123456
xiaopang491,123456
xiaopang492,123456
xiaopang493,123456
xiaopang494,123456
xiaopang495,123456
xiaopang496,123456
xiaopang497,123456
xiaopang498,123456
xiaopang499,123456
xiaopang500,123456
